title,description,text,date,language
Australia's big banks hike fixed-rate home loans amid rising interest rates - Reuters.com,"Two of Australia's biggest home lenders jacked up fixed-rate home loans in line with increases to their own borrowing costs, spokespeople told Reuters, adding to pressure on a housing market which has hit the brakes amid rising interest rates.","SYDNEY, June 30 (Reuters) - Two of Australia's biggest home lenders jacked up fixed-rate home loans in line with increases to their own borrowing costs, spokespeople told Reuters, adding to pressure … [+2505 chars]",2022-06-30,en
Wealth inequality in Australia and the rapid rise in house prices,"A report launched today by UNSW Sydney and Australian Council of Social Services (ACOSS) Poverty and Inequality Partnership confirms that even though Australians are now, on average, the fourth richest people in the world, the distribution of our wealth remai…","A report launched today by UNSW Sydney and Australian Council of Social Services (ACOSS) Poverty and Inequality Partnership confirms that even though Australians are now, on average, the fourth riche… [+6356 chars]",2022-07-22,en
Australia news live updates: house prices dip; Splendour in the Grass to go ahead after first day washout,"New data shows two in five properties in Australia are worth less than they were three months ago. Follow the day’s news<ul><li>Australia will require public health measures for foreseeable future, say experts</li><li>Woman who died sleeping rough in Adelaide…","Good morning,
Two in five properties in Australia are worth less than they were three months ago, data released on Saturday by Corelogic shows, in what some are taking as a sign the property boom ha… [+1222 chars]",2022-07-22,en
The Nordstrom Anniversary Sale Is Back—and These Are the Best Deals You Don’t Want To Miss,"Save on top brands like UGG, The North Face, and more during the Nordstrom Anniversary Sale 2022.","This article contains affiliate links to products selected by our editors. Mental Floss may receive a commission for purchases made through these links.
Summer isn't just for having fun in the sunit… [+4292 chars]",2022-07-15,en
"Australia news live: Covid mask warnings, foot-and-mouth disease threat rises","Anthony Albanese says he hopes there will be no need for further lockdowns, as Australian Medical Association pushes masks<ul><li>Foot-and-mouth disease: airports to step up precautions as FMD fragments found in meat products in Australia</li><li>Get our free…","Agriculture minister urges travellers to be wary of foot-and-mouth disease
Murray Watt, the agriculture minister, was on ABC earlier this morning discussing the threat Australias agricultural indust… [+11352 chars]",2022-07-20,en
Lithium Miners News For The Month Of June 2022,New record spodumene spot price sale results from PLS. Click here to read the June 2022 edition of the lithium miners news.,"Olemedia/E+ via Getty Images
Welcome to the June 2022 edition of the lithium miner news. The past month saw the lithium producers confirming strong demand and strong lithium prices, with most workin… [+33293 chars]",2022-06-25,en
"The price of food and electricity is soaring, but it hardly affects Melissa","It cost Melissa Weckert and her family a lot of money to build sustainability into their house and lifestyle, but now it's paying dividends.","The prices of food, power and fuel are skyrocketing, but it's hardly had an impact on Melissa Weckert and her family.
Their back garden is full of trees and plants growing their own fruit and vegeta… [+6009 chars]",2022-06-29,en
"Google Pixel 6a review: Cheap, small, and packing a big punch","The Google Pixel 6a is here. It has a fresh design, Google's flagship chipset, and still costs just $449. But is it any good?","Last year’s Pixel 6 and Pixel 6 Pro signaled a major shift for Google’s smartphone strategy. With original designs, Google’s first in-house chipset, new cameras, and a bold software update with Andro… [+16946 chars]",2022-07-21,en
"Adelaide, Brisbane and Perth house prices expected to recover as Sydney and Melbourne fall","Buyers' agent Propertyology is expecting Sydney and Melbourne house prices to dive by double-digit figures as values quickly recover in Brisbane, Adelaide and Perth.","House prices are tipped to recover again within a year in Australia's smaller capital cities as Sydney and Melbourne values plunge by double-digit figures.
The Reserve Bank of Australia is widely ex… [+5949 chars]",2022-07-13,en
OrganiGram Holdings (OGI) Q3 2022 Earnings Call Transcript,"OGI earnings call for the period ending June 30, 2022.","Image source: The Motley Fool.
OrganiGram Holdings (OGI -3.70%)Q3 2022 Earnings CallJul 14, 2022, 8:00 a.m. ET
Contents:
<ul><li>Prepared Remarks</li><li>Questions and Answers</li><li>Call Partici… [+57960 chars]",2022-07-14,en
"An Apartment Could Be the Key to Homeownership Dreams, Liberty Says","Home Loans Home Loans MELBOURNE, Australia, July 06, 2022 (GLOBE NEWSWIRE) -- As interest rates rise and property prices continue to climb, homebuyer...","Home Loans
MELBOURNE, Australia, July 06, 2022 (GLOBE NEWSWIRE) -- As interest rates rise and property prices continue to climb, homebuyer hopefuls may understandably feel a little anxious. But acco… [+2799 chars]",2022-07-05,en
Google Pixel 6a review: Regression is the better part of value,"Easily one of the best value phones you can get, if you're willing to pay the Pixel toll","Following up on one good product is hard enough, but Google has put itself into a bit of a spot with the Pixel 6a as the fourth product in a line of back-to-back great phones. While Google did have t… [+27970 chars]",2022-07-21,en
Cobalt Miners News For The Month Of June 2022,Click here for a complete review of the stock market's Cobalt Miners and their most relevant news for the month of June.,"HT Ganzo/iStock via Getty Images
Welcome to the June 2022 cobalt miners news.
 The past month saw a controversial Goldman Sachs report claiming battery material prices would fall heavily in the nex… [+25632 chars]",2022-06-24,en
"Stuff The Internet Says On Scalability For July 11th, 2022","Never fear, HighScalability is here!
 
Every cell a universe. Most detailed image of a human cell to date. @microscopicture

Other images considered: one byte of RAM in 1946; visual guide on troubleshooting Kubernetes; Cloudflare using lava lamps to generate…","Never fear, HighScalability is here!
My Stuff:
<ul><li> Love this Stuff? I need your support on Patreon to help keep this stuff going. </li><li> Know anyone who needs to go from zero to cloud? My b… [+82755 chars]",2022-07-11,en
Australia’s Biggest Cities Lead Housing Slide as Rates Bite,"(Bloomberg) -- Sign up for the New Economy Daily newsletter, follow us @economics and subscribe to our podcast.Most Read from BloombergStock Doomsayers...","(Bloomberg) -- Sign up for the New Economy Daily newsletter, follow us @economics and subscribe to our podcast.
Most Read from Bloomberg
Australias two biggest housing markets, Sydney and Melbourne… [+2264 chars]",2022-07-01,en
Driven: 2022 Hyundai i30 Sedan N Pushes Performance To New Heights,"The 2022 Hyundai i30 Sedan N is one of the best performance cars under AU$100,000","Can a sports sedan be front-wheel drive? Many car enthusiasts probably dont think so, noting that a proper sporty sedan should be rear-wheel drive or at the very least, all-wheel drive. Let those det… [+10556 chars]",2022-07-09,en
"These Best-Selling Books Are Up to 50% Off, if You Fancy a New Read","If you’re always looking to buy new books, but the price tag deters you, we’ve got good news for you....
The post These Best-Selling Books Are Up to 50% Off, if You Fancy a New Read appeared first on Lifehacker Australia.
  Related Stories
<ul><li>These Best…","At Lifehacker, we independently select and write about stuff we love and think you'll like too. We have affiliate and advertising partnerships, which means we may collect a share of sales or other co… [+3460 chars]",2022-07-13,en
"Speed Read, July 16, 2022","We’re shaking things up by dropping our weekly round-up on a Saturday, to make space for an exclusive competition that’s launching tomorrow. Feast your eyes on a mean XJR1300 from Romania, a zesty Dominator flat tracker from Germany, and a short film featurin…","We’re shaking things up by dropping our weekly round-up on a Saturday, to make space for an exclusive competition that’s launching tomorrow. Feast your eyes on a mean XJR1300 from Romania, a zesty Do… [+9036 chars]",2022-07-16,en
Exercise Your Portfolio With These Three Athleisure Companies,With the shift to a more comfortable and health-conscious lifestyle in the U.S. athleisure stocks are more in vogue. Here are three to consider.,".
Athleisure Stocks Recent News
Over the past few years, athleisure clothing has started to gain popularity. Athleisure is a popular category because it taps into several broad trends, including a … [+12187 chars]",2022-07-07,en
Halliburton (HAL) Q2 2022 Earnings Call Transcript,"HAL earnings call for the period ending June 30, 2022.","Image source: The Motley Fool.
Halliburton (HAL 2.11%)Q2 2022 Earnings CallJul 19, 2022, 9:00 a.m. ET
Contents:
<ul><li>Prepared Remarks</li><li>Questions and Answers</li><li>Call Participants</li… [+53230 chars]",2022-07-19,en
"20 Facts About ""Nature Boy"" Ric Flair","Find out more about the complex and controversial professional wrestling career of ""The Nature Boy"" Ric Flair.","""The Nature Boy"" Ric Flair is one of the most recognizable professional wrestlers of all time, primarily because he strutted around like a million-dollar peacock before selling his losses with litera… [+12106 chars]",2022-07-08,en
Exercise Your Portfolio With These 3 Athleisure Companies,The global athleisure market size was valued at $306.6 billion in 2021 and is expected to grow at a compound annual growth rate (CAGR) of 8.9% from 2022 to 2030.,"zoranm/E+ via Getty Images
This week, we use AAII's A+ Investor Stock Grades to provide insight into three athleisure stocks. With the shift to a more comfortable and health-conscious lifestyle in t… [+12498 chars]",2022-07-06,en
CrowdProperty Australia: Australia's severe home affordability woes set to worsen; Can investors help increase supply?,"Australia's severe home affordability challenges are only set to worsen, as limited access to finance hampers the ability of small-scale developers to...","SYDNEY, July 4, 2022 /PRNewswire/ -- Australia's severe home affordability challenges are only set to worsen, as limited access to finance hampers the ability of small-scale developers to correct ent… [+6498 chars]",2022-07-03,en
"Checks & Imbalances: Trump’s Revenue Stream, Australia’s Jet-Setting Billionaire","Today, we take a look at Trump profiting from candidates his endorsement and a jet-setting Australian businessman who's trying to get politicians to back his latest venture.","Welcome to the Checks &amp; Imbalances newsletter. Today, we look at Trump profiting from candidates his endorsement and a jet-setting Australian businessman whos trying to get politicians to back hi… [+10297 chars]",2022-06-24,en
How Much Is a Stan Subscription and Is It Worth Your Money?,"There are so many streaming services competing for our eyeballs nowadays, so how does Australia's homegrown platform Stan stack up?
The post How Much Is a Stan Subscription and Is It Worth Your Money? appeared first on Lifehacker Australia.
  Related Stories…","At Lifehacker, we independently select and write about stuff we love and think you'll like too. We have affiliate and advertising partnerships, which means we may collect a share of sales or other co… [+5136 chars]",2022-07-14,en
Novartis (NVS) Q2 2022 Earnings Call Transcript,"NVS earnings call for the period ending June 30, 2022.","Image source: The Motley Fool.
Novartis (NVS 3.99%)Q2 2022 Earnings CallJul 19, 2022, 8:00 a.m. ET
Contents:
<ul><li>Prepared Remarks</li><li>Questions and Answers</li><li>Call Participants</li></… [+82604 chars]",2022-07-19,en
Australia risks recession and housing downturn after third rate hike,The Reserve Bank of Australia has raised interest rates for the third time in a row on Tuesday.,"The negative impact of interest rate rises on Australian housing prices, household spending and the volume of dwelling investments may hurt consumer confidence and fuel the likelihood of a recession … [+4919 chars]",2022-07-06,en
Deconstructing The Australian Construction Industry,The construction industry has not been so resilient. Click here to know more...,"SteveLuker/iStock via Getty Images
By Robert Carnell, Regional Head of Research, Asia-Pacific
 A breakdown of the Australian construction industry
CEIC, ING
Construction and GDP are distant cousi… [+11504 chars]",2022-06-23,en
Biden’s Middle East Mission Begins Amid Expanding Global Energy Crisis,U.S. President Joe Biden embarked for the Middle East this week amid an expanding global energy crisis of unprecedented complexity and magnitude.,"Isaac Herzog, Israel's president, left, Yair Lapid, Israel's prime minister, center, and US ... [+] President Joe Biden, during an arrival ceremony at Ben Gurion International Airport in Tel Aviv, Is… [+6605 chars]",2022-07-14,en
Should Amazon And GrubHub’s Deal Make DoorDash Nervous?,"Amazon Prime members will receive free GrubHub memberships as part of a new deal with GrubHub’s parent company, JustEat Takeaway.com.","Getty Images
Key Takeaways
<ul><li>Amazon Prime members will receive free GrubHub+ memberships as part of a new deal with GrubHubs parent company, JustEat Takeaway.com</li><li>In exchange, Amazon w… [+9484 chars]",2022-07-07,en
Lockheed Martin (LMT) Q2 2022 Earnings Call Transcript,"LMT earnings call for the period ending June 30, 2022.","Image source: The Motley Fool.
Lockheed Martin (LMT 0.80%)Q2 2022 Earnings CallJul 19, 2022, 11:00 a.m. ET
Contents:
<ul><li>Prepared Remarks</li><li>Questions and Answers</li><li>Call Participant… [+52930 chars]",2022-07-19,en
The Apple MacBook Air With M2 Opens for Pre-Orders This Week,"First revealed at Apple’s Worldwide Developers Conference 2022 in early June, the redesigned MacBook Air with an M2 processor, which...
The post The Apple MacBook Air With M2 Opens for Pre-Orders This Week appeared first on Gizmodo Australia.
  Related Storie…","First revealed at Apples Worldwide Developers Conference 2022 in early June, the redesigned MacBook Air with an M2 processor, which trades the ultra-thin laptops long-standing wedge design for boxier… [+1765 chars]",2022-07-06,en
Australia's $2BILLION Covid quarantine facility white elephants empty and unlikely to EVER be used,The Covid-19 quarantine facilities around Australia remain unused and serve no purpose other than as  monuments to how the virus triggered politicians into wasting $2billion of taxpayers' money.,"The vast Covid-19 quarantine facilities now scattered around Australia remain unused, empty, and serving no purpose other than as lasting monuments to how the virus triggered politicians into wasting… [+12910 chars]",2022-07-16,en
Langford Jones Homes collapse: construction industry crisis Australia,"Victorian builder Langford Jones Homes was the latest to go under, ceasing trading last Thursday owing creditors more than $10million.","Three more Australian building companies have collapsed with millions of dollars in projects abruptly stopped and homeowners left in the dark amid an industry-wide crisis.
Victorian builder Langford… [+26023 chars]",2022-07-04,en
2:00PM Water Cooler 7/10/2022,~ Today's Water Cooler ~,"By Lambert Strether of Corrente
Patient readers, ProtonMail broke down at a critical point in my process. More soon! –lambert
Bird Song of the Day
Rock Wren (Northern), Oaxaca, Mexico. Last week I… [+26639 chars]",2022-07-11,en
Hoteliers Debate Dual Rates for Foreigners: Lodging News This Week,"Emerging markets such as Thailand and Malaysia are considering ""dual-rate structures,"" where foreigners pay more for hotel stays than domestic travelers do. Will this help or hurt? Plus, other hotel deals and development news. -Sean O'Neill","Here are some excerpts from Daily Lodging Report from the past week. If youre not a subscriber, you should be. Get news on hotel deals, development, stocks, and career moves. Sign up here, now.
Sund… [+6889 chars]",2022-07-15,en
NBA Superstar James Harden Launches J-HARDEN Wine Through Equity Partnership with Accolade Wines,Harden aims to make wine more accessible through the release of his first label this September,"Harden aims to make wine more accessible through the release of his first label this September
LOS ANGELES --News Direct-- Accolade Wines
NBA superstar James Harden announced that he has teamed up … [+3695 chars]",2022-07-19,en
"Where are the world's millionaires moving this year? Mainly Singapore, Switzerland, Israel, the UAE, and Australia.","Where are the world's millionaires moving this year? Mainly Singapore, Switzerland, Israel, the UAE, and Australia.
 
 

 

 
 ↩︎ Visual Capitalist
 
 
 View Post →","Interest Rate Hikes vs. Inflation Rate, by Country
Imagine todays high inflation like a car speeding down a hill. In order to slow it down, you need to hit the brakes. In this case, the brakes are i… [+4895 chars]",2022-06-29,en
Hallador Energy: The Coal Industry Isn't Going Anywhere Anytime Soon,"Despite the negative sentiments around it, the coal industry will stably operate for at least the next 2 decades. Click here to read more.","AerialPerspective Works/E+ via Getty Images
Investment Thesis
 Hallador Energy Company (NASDAQ:HNRG) mines and sells coal to electric power producers through its 3 mines in Oaktown and near Clay Ci… [+8309 chars]",2022-07-15,en
Essity AB (publ) (ESSYY) CEO Magnus Groth on Q2 2022 Results - Earnings Call Transcript,"Essity AB (publ) (OTCPK:ESSYY) Q2 2022 Earnings Conference Call July 21, 2022 3:00 AM ETCompany ParticipantsJoséphine Edwall - Head, CommunicationsMagnus Groth - President & Chief...","Essity AB (publ) (OTCPK:ESSYY) Q2 2022 Earnings Conference Call July 21, 2022 3:00 AM ET
 Company Participants
 Joséphine Edwall - Head, Communications
 Magnus Groth - President &amp; Chief Execut… [+64106 chars]",2022-07-21,en
"Personal Development Market Worth USD 557.89 by 2022-2025 : New Developments, Key Players, Trends, Drivers, Challenges, Opportunities, Segmentation by Types, Applications, Regions","Leading Players - Dale Carnegie Training, Esalen Institute, Franklin Covey, Nutrisystem, SkillPathPune, July 05, 2022 (GLOBE NEWSWIRE) -- “Personal...","Leading Players - Dale Carnegie Training, Esalen Institute, Franklin Covey, Nutrisystem, SkillPath
Pune, July 05, 2022 (GLOBE NEWSWIRE) -- Personal Development
 market research give industry status… [+5719 chars]",2022-07-05,en
"Dubbing and Voice-Over Market 2022-2028 : Companies, Types, Applications, Regions, Opportunities, Challenges, Drivers, Trends, Size, Shares, Revenue","Pune, July 08, 2022 (GLOBE NEWSWIRE) -- Dubbing and Voice-Over Market research report is an expert’s analysis, which mainly includes companies, types...","Pune, July 08, 2022 (GLOBE NEWSWIRE) -- Dubbing and Voice-Over Market research report is an experts analysis, which mainly includes companies, types, applications, regions, countries, etc. Also, the … [+4768 chars]",2022-07-08,en
ASSA ABLOY AB (ASAZF) CEO Nico Delvaux on Q2 2022 Results - Earnings Call Transcript,"ASSA ABLOY AB (OTCPK:ASAZF) Q2 2022 Results Conference Call July 19, 2022 3:30 AM ETCompany ParticipantsBjörn Tibell - Investor RelationsNico Delvaux - Chief Executive OfficerErik Pieder -...","ASSA ABLOY AB (OTCPK:ASAZF) Q2 2022 Results Conference Call July 19, 2022 3:30 AM ET
 Company Participants
 Björn Tibell - Investor Relations
 Nico Delvaux - Chief Executive Officer
 Erik Pieder … [+46674 chars]",2022-07-19,en
Another major blow for Aussies as fast-food outlets hike their prices AGAIN,Dominos are the latest fast food retailer to add a service levy to combat the rising costs of making and delivering food. Australians across the board are contending with strong inflationary pressures.,"The cost of fast-food is set to increase further, as pizza giant Dominos brings in a six per cent 'delivery service fee' to keep up with input costs.
The service fee will apply to delivery orders on… [+5579 chars]",2022-07-08,en
"Modular Building Market Size and Development Trends by Global Demand 2022: Industry Overview By Size, Share, Niche Market, Growth Factors, Key Market Drivers and Challenges, Opportunities and Growth Forecast 2028 | Industry Research","Pune, June 29, 2022 (GLOBE NEWSWIRE) -- The Global Modular Building Market Size was estimated at USD 116650 million in 2021 and is projected to reach USD...","Pune, June 29, 2022 (GLOBE NEWSWIRE) -- The Global Modular Building Market Size was estimated at USD 116650 million in 2021 and is projected to reach USD 160140 million by 2028, exhibiting a CAGR of … [+15170 chars]",2022-06-29,en
LIGHTSPEED Presents: ‘Critical Mass’ by Peter Watts,"io9 is proud to present fiction from LIGHTSPEED MAGAZINE. Once a month, we feature a story from LIGHTSPEED’s current issue....
The post LIGHTSPEED Presents: ‘Critical Mass’ by Peter Watts appeared first on Gizmodo Australia.

  Related Stories
<ul><li>The Ma…","io9 is proud to present fiction fromLIGHTSPEED MAGAZINE. Once a month, we feature a story from LIGHTSPEEDs current issue. This months selection is Critical Mass by Peter Watts. You can read the story… [+41006 chars]",2022-07-07,en
Copper As An Inflation Hedge For Portfolios,"Historically when inflation rises, copper prices usually follow suit, and this cycle is proving to be no exception.","tunart/E+ via Getty Images
Historically when inflation rises, copper prices usually follow suit, and this cycle is proving to be no exception. The metal is one of the best-performing assets in the p… [+16172 chars]",2022-06-24,en
"Global Help Desk Outsourcing Market Analysis 2022 Dynamics, Emerging Technologies, Development History, Detailed Evaluation and Future Forecast to 2027","PUNE, July 11, 2022 (GLOBE NEWSWIRE) -- Help Desk Outsourcing Market 2022 By Type (Outsourced Level 1 and Level 2 Support Services, Outsourced Technical...","Proficient Market Insights
PUNE, July 11, 2022 (GLOBE NEWSWIRE) -- Help Desk Outsourcing Market
 2022 By Type (Outsourced Level 1 and Level 2 Support Services, Outsourced Technical Helpdesk Support… [+8720 chars]",2022-07-11,en
"Organic Beer Market 2022-2027 : Growth, Size, Shares, Revenue, Drivers, Trends, Opportunities, Challenges, Key Players, Regional Analysis","Pune, July 11, 2022 (GLOBE NEWSWIRE) -- A beer can be called “organic” if it meets the following federal guidelines. Firstly, at least 95 percent of its...","Pune, July 11, 2022 (GLOBE NEWSWIRE) -- A beer can be called organic if it meets the following federal guidelines. Firstly, at least 95 percent of its ingredients are organically produced (e.g., no G… [+4697 chars]",2022-07-11,en
OrganiGram Holdings Inc. (OGI) CEO Beena Goldenberg on Q3 2022 Results - Earnings Call Transcript,"OrganiGram Holdings Inc. (NASDAQ:NASDAQ:OGI) Q3 2022 Earnings Conference Call July 14, 2022 8:00 AM ETCompany ParticipantsCraig MacPhail - Group Director, NATIONAL Capital MarketsBeena...","OrganiGram Holdings Inc. (NASDAQ:OGI) Q3 2022 Earnings Conference Call July 14, 2022 8:00 AM ET
 Company Participants
 Craig MacPhail - Group Director, NATIONAL Capital Markets
 Beena Goldenberg -… [+55445 chars]",2022-07-14,en
"Global Bioinformatics Market (2022 to 2027) - Featuring DNASTAR, Eurofins Scientific, Fios Genomics and GeneData Among Others","Global Bioinformatics Market Global Bioinformatics Market Dublin, July 22, 2022 (GLOBE NEWSWIRE) -- The ""Global Bioinformatics Market (2022-2027) by Product ...","Global Bioinformatics Market
Global Bioinformatics Market
Dublin, July 22, 2022 (GLOBE NEWSWIRE) -- The ""Global Bioinformatics Market (2022-2027) by Product &amp; Service, Sector, Application, Geog… [+8487 chars]",2022-07-22,en
"John McColl's boat is whisper quiet, costs next to nothing to run and has zero emissions. So what's the catch?","The cost of running and maintaining John McColl's boat is next to nothing — it also produces zero emissions and is whisper quiet. It may sound like a boat-owner's dream, but it's not for everyone.","As cars, scooters and bikes become increasingly electrified in Australia, there has also been a spike in interest in another category of transport boats.
Key points:
<ul><li>Uptake of electric boat… [+7867 chars]",2022-06-25,en
9 Tips for Making the Most of an Airbnb Trip,"There are a lot of different factors that combine to make a successful Airbnb trip, from scouting the most suitable...
The post 9 Tips for Making the Most of an Airbnb Trip appeared first on Gizmodo Australia.
  Related Stories
<ul><li>The Desert Brings Dang…","There are a lot of different factors that combine to make a successful Airbnb trip, from scouting the most suitable location, to finding the lowest price, to ensuring everything is smoothly set up fo… [+7676 chars]",2022-07-18,en
Larry Kudlow: We're on the front end of recession - Fox Business,"<ol><li>Larry Kudlow: We're on the front end of recession  Fox Business
</li><li>US inflation could reach 8.8 per cent in June  Sky News Australia
</li><li>Inflation rose 9.1% in June, even more than expected, as price pressures intensify  CNBC
</li><li>In…","So many people, I suspect, agree with Biden press secretary Karine Jean-Pierre, who seems to expect that inflation has peaked, and it's on the way down and our troubles are virtually over. 
KARINE J… [+5020 chars]",2022-07-12,en
"Energy Inflation, Energy Security, And When Fossil Fuel Is Not Coming To A Dead End.","Shortages of energy and rises in prices of gasoline, natural gas, and electricity are forcing policymakers to reevaluate the tradeoff between fossil fuels emissions and the need for energy security.","LNG import terminal in Rotterdam, Netherlands.
dpa/picture alliance via Getty Images
Energy inflation.
Inflation in Consumer Price Index (CPI) reached 8.5% per year in May 2022, and is on everyone… [+7265 chars]",2022-07-08,en
"NY Times again suggests Joe Biden, 79, is too old to run for re-election","White House insiders say President Joe Biden remains 'intellectually engaged' but they also 'quietly watch out for him,' fearful he may injure himself or fumble his words during events.","The New York Times has once again suggested Joe Biden may be too old to run for re-election in a piece that revealed the president now 'shuffles,' and that staffers are fearful he may trip over wires… [+23087 chars]",2022-07-10,en
"US Futures, Oil Dip; Stocks Set for Cautious Open: Markets Wrap",(Bloomberg) -- Stocks in Asia look set for a cautious start on Monday amid fresh concerns about the possibility of more growth-sapping Covid curbs in China...,(Bloomberg) -- Stocks in Asia look set for a cautious start on Monday amid fresh concerns about the possibility of more growth-sapping Covid curbs in China that could weigh on the global economic out… [+3358 chars],2022-07-10,en
Emergence of number of Unorganized and Online-Auto Classifieds as well as the trend toward upgrading vehicles will drive the Used Car Market in Australia: Ken Research,"Unorganised dealers dominate the Sales Volume in the Market: With majority of independent dealers in the country, the used car market is dominated by...","<ul><li>Consumer shift from public transport to personal vehicle amid pandemic with rising demand of used cars.
</li><li>Increasing awareness about buying and selling used cars through the strong ad… [+11622 chars]",2022-07-21,en
EU far-right tries to postpone debate on UK Brexit lawbreaking,MEPs are set to blast Boris Johnson’s approach on Wednesday,"The European Parliament's far-right group has tried to stop MEPs from discussing the British government's breaches of international law on Wednesday. 
MEPs are due to discuss Boris Johnson's overrid… [+11611 chars]",2022-07-04,en
Deteriorating Housing Affordability in Canada,"The Frontier Centre for Public Policy has released the 2022 edition of Demographia Housing Affordability in Canada. This article includes the Executive Summary, with a link to the entire report. The report is authored by Wendell Cox, a senior fellow with the …","The Frontier Centre for Public Policy has released the 2022 edition of Demographia Housing Affordability in Canada. This article includes the Executive Summary, with a link to the entire report. The … [+7732 chars]",2022-07-09,en
"Households brace for the toughest times since the start of the pandemic, confidence plunges","Australians are still spending record amounts of money, but surveys show that could change quickly as interest rate rises send consumer confidence towards pandemic lows.","Australians are still spending record amounts of money, but surveys show that could change quickly as interest rate rises send consumer confidence towards pandemic lows.
Key points:
<ul><li>Consume… [+5882 chars]",2022-07-12,en
Tory MP says ‘cowards’ taking precautions in heatwave are ‘snowflakes’ and everything wrong with Britain,Met Office warns people to say inside during extreme temperatures,"A Conservative MP has claimed that people taking precautions during the heatwave are ""snowflakes"" and ""cowards"".
John Hayes, who was previously a government minister at the climate change department… [+11430 chars]",2022-07-15,en
"British tourist, 54, found dead on his sunbed in Crete",Foreign Office say they are supporting family of man who died in Greece,"A British man in his 50s has been found dead on a sunbed in Crete.
The unnamed 54-year-old was found unconscious on a beach in the popular village of Stalida on Saturday night, according to reports … [+11996 chars]",2022-07-18,en
ANZ Agrees to Buy Australian Insurer Suncorp’s Bank Operations for $3.3 Billion,Australia & New Zealand Banking Group Ltd. agreed to buy Suncorp Group Ltd.’s banking operations for A$4.9 billion ($3.3 billion) as it seeks to gain an edge over larger rivals by expanding in the country’s fastest growing region. The lender …,Australia &amp; New Zealand Banking Group Ltd. agreed to buy Suncorp Group Ltd.’s banking operations for A$4.9 billion ($3.3 billion) as it seeks to gain an edge over larger rivals by expanding in th… [+3739 chars],2022-07-18,en
Police shut down hoax Indian cricket league used to dupe Russian gamblers,Racket reaches ‘quarter-final stage’ and draws thousands of pounds in foreign bets before police crack it,"An elaborate hoax cricket league, streamed to YouTube and bet on by unsuspecting punters in Russia, has been shut down by Indian police.
A group of men in the state of Gujarat, in western India, are… [+12338 chars]",2022-07-11,en
"1.1 billion Covid vaccine doses wasted globally, estimates suggest","‘A lot of Covid-19 vaccine wastage has been driven by the deeply unequal global response to this pandemic,’ says global health campaigner","Some 1.1 billion Covid vaccine doses may have been thrown away by governments across the globe, new estimates suggest.
Airfinity, a science and data analytics company, said its analysis points to a … [+12404 chars]",2022-07-11,en
"Clinical Trial Management System Market worth USD 3.2 billion by 2030, says Global Market Insights Inc.","Prominent players operating in the clinical trial management system (CTMS) industry are Veeva System, Paraxel International, Oracle Corporations, Advarra...","Global Market Insights, Inc
Prominent players operating in the clinical trial management system (CTMS) industry are Veeva System, Paraxel International, Oracle Corporations, Advarra, Medidata, Biocl… [+5806 chars]",2022-07-12,en
26 of the Best Amazon Prime Day Deals on Travel Gear This Year,"Amazon Prime Day 2022 runs July 12-13. Here are the best travel gear deals including packs, luggage, headphones, and remote work electronics.",Amazon Prime Day 2022 runs from midnight July 12 to 11:59 PM on July 13. This is your chance to upgrade your travel gear or grab a deal on an item youve had your eyes on. Prime Day covers all categor… [+17467 chars],2022-07-11,en
Organigram Reports Third Quarter Fiscal 2022 Results,"TORONTO--(BUSINESS WIRE)--Organigram Holdings Inc. (NASDAQ: OGI) (TSX: OGI), (the “Company” or “Organigram”), a leading licensed producer of cannabis, announced its results for the third quarter ended May 31, 2022 (“Q3 Fiscal 2022”). “We are pleased to see co…","TORONTO--(BUSINESS WIRE)--Organigram Holdings Inc. (NASDAQ: OGI) (TSX: OGI), (the Company or Organigram), a leading licensed producer of cannabis, announced its results for the third quarter ended Ma… [+32994 chars]",2022-07-14,en
This Portuguese Surf and Beach Town Is the Perfect Coastal Escape,"Everything you need to know about surf shops, lessons, beaches, hiking, weather, and more in Ericeira, Portugal -- home of the first world surf reserve.","The seaside town of Ericeira, Portugal, has become the new darling town for expats from Brazil, Australia, the US, and all over Europe. Packed with surf breaks you can survey from the cliffs above, E… [+10037 chars]",2022-06-30,en
"Smart Healthcare Market will grow at Impressive Growth of 461.76 billion, Size, Share, Trends, Competitive Analysis and Future Growth Prospects by 2029","One of the key elements anticipated to drive the market for smart healthcare is the spread of the Internet of Things. Additionally, it is predicted that...","Data Bridge Market Research
One of the key elements anticipated to drive the market for smart healthcare is the spread of the Internet of Things. Additionally, it is predicted that throughout the fo… [+11593 chars]",2022-07-21,en
Victoria’s Green Zealots Banned Gas Fracking – Now Running Out of Gas,Joined up thinking running strong in the Australian People's Republic of Victoria.,"Essay by Eric Worrall
Joined up thinking running strong in the Australian People’s Republic of Victoria.
Victoria facing gas shortage as market regulator warns of further intervention
Iona gas sto… [+4961 chars]",2022-07-20,en
"Aleafia Health Announces Record $43.1 Million Net Revenue in 2022 15-Month Fiscal Year, Strong $8 Million Branded Cannabis Net Revenue in Q5","151% increase in branded cannabis net revenue1 to $36.8 million in 15-month fiscal year 2022 ended March 31, 2022 (new fiscal year end) from $14.6 million in...","www.AleafiaHealth.com/Invest
<ul><li>151% increase in branded cannabis net revenue1 to $36.8 million in 15-month fiscal year 2022 ended March 31, 2022 (new fiscal year end) from $14.6 million in the… [+33756 chars]",2022-06-28,en
‘True hell’: Ukraine reports more civilian casualties after heavy Russian strikes in east and south,Kyiv urges residents in Kherson and Zaporizhzhia to evacuate as it prepares for ‘massive fight’,"Russia has been accused of raising true hell in Ukraines eastern industrial heartlands this weekend, as an onslaught of shelling and numerous civilian deaths were reported in the south and east of th… [+14360 chars]",2022-07-09,en
Localization and China's Tech Success in Indonesia - Carnegie Endowment for International Peace,"Despite ambivalence about Chinese intentions in Indonesia’s political and defense establishment, Chinese telecoms firms have successfully used strategies of localization to position themselves as trusted cybersecurity providers to the country.","China Local/Global
China has become a global power, but there is too little debate about how this has happened and what it means. Many argue that China exports its developmental model and imposes it… [+97801 chars]",2022-07-11,en
Fact Check: Biden Says U.S. Inflation 'Lowest of Almost Every Major Nation',"As Americans reel from the news that inflation has hit a 40-year high of 9.1 percent, was Joe Biden correct to say the country is performing better than most?","As Americans digest the latest inflation data, analysts are trawling through the figures to compare how U.S. price rises compare to other economies around the world.
Inflation has now hit a 40-year … [+5348 chars]",2022-07-13,en
Short- And Long-Duration Energy Storage Essential To The Clean Energy Transition,"Renewable energy sources, primarily wind and solar power, are set to account for the majority of growth within the power sector over the coming years.","Just_Super/iStock via Getty Images
The adoption of renewable energy is accelerating globally, particularly wind and solar power, as governments and corporations work towards meeting climate change-r… [+25987 chars]",2022-06-24,en
Financial Services Roundup: Market Talk,The latest Market Talks covering Financial Services,"The latest Market Talks covering Financial Services. Exclusively on Dow Jones Newswires at 4:20 ET, 12:20 ET and 16:50 ET. 0535 GMT -
Life Insurance Corp. of Indias
business drivers appear to be in… [+8084 chars]",2022-07-05,en
UK’s Liz Truss was warned of blow to food sector under Australia and New Zealand trade deals,Data obtained by POLITICO shows economic toll on farmers known before key post-Brexit trade talks began.,LONDON Conservative leadership hopeful Liz Truss was given detailed warnings by her own officials in 2020 that post-Brexit trade pacts with Australia and New Zealand would shrink the country's farmin… [+7949 chars],2022-07-12,en
AP News Digest 3 am,"Here are the AP’s latest coverage plans, top stories and promotable content. All times EDT. For up-to-the minute information on AP’s coverage, visit Coverage Plan at https://newsroom.ap.org.","Here are the APs latest coverage plans, top stories and promotable content. All times EDT. For up-to-the minute information on APs coverage, visit Coverage Plan at https://newsroom.ap.org. 
-
 TOP … [+5969 chars]",2022-07-18,en
"A look at Novak Djokovic's chaotic 2022 season, as he nears another Wimbledon title",Novak Djokovic looks to complete his Wimbledon title defense on Sunday -- something that seemed like it might not be possible earlier this year. Here's a timeline of the events of Djokovic's turbulent season.﻿,"After a turbulent start to the 2022 season, Novak Djokovic is just one victory away from claiming his first, and perhaps only, major title of the year at Wimbledon.
With his status for the US Open s… [+13769 chars]",2022-07-08,en
How To Fight Climate Change Using AI,"AI is a game-changing critical enabler that has the potential to speed up humanity's race against climate change. With AI, we have a chance to build a more resilient future for us all.  AI can help reducing emissions, improving energy efficiency, and increasi…",Group of children holding planet earth over defocused nature background with copy space. Element of ... [+] this image furnished by NASA ( https://earthobservatory.nasa.gov/blogs/elegantfigures/2011/… [+20009 chars],2022-07-08,en
Stock Market Today: Top 10 things to know before the market opens today - Moneycontrol,"<ol><li>Stock Market Today: Top 10 things to know before the market opens today  Moneycontrol
</li><li>Investors cautious ahead of key macro data this week; indices open lower  VCCircle
</li><li>Weak opening on the cards  Business Standard
</li><li>Closing…","The market is expected to open on a cautious note as trends in the SGX Nifty indicate a flat opening for the broader index in India with a gain of 15 points.
The BSE Sensex fell more than 500 points… [+5435 chars]",2022-07-13,en
Why is Afghanistan so vulnerable to deadly earthquakes?,"More than 1,000 people have been killed after a powerful 6.1-magnitude earthquake struck in Afghanistan yesterday. Here's what we know about the disaster, the region's vulnerability and the Taliban's response.","More than 1,000 people have been killed after a powerful 6.1-magnitude earthquake struck a town in Afghanistan yesterday.
It was the deadliest quake in the country since 2002.
The Taliban's supreme… [+7154 chars]",2022-06-23,en
WHO concludes there’s “no place for cheap alcohol”,"Minimum unit pricing is an effective tool against alcohol harms

In late June 2022, World Health Organization Europe published a handbook on minimum pricing policies for alcohol.1 As described by one of the authors,2 the report is “everything you wanted to kn…","<ol><li>Sadie Boniface, </li><li>head of research</li></ol><ol><li>Institute of Alcohol Studies, London, UK
</li></ol><ol><li>sboniface{at}ias.org.uk</li></ol>
Minimum unit pricing is an effective … [+5635 chars]",2022-07-22,en
"Brickworks share price higher on record earnings, Goodman deal","Brickworks shares are having a positive finish to the week...
The post Brickworks share price higher on record earnings, Goodman deal appeared first on The Motley Fool Australia.","The Brickworks Limited(ASX: BKW) share price is having a positive finish to the week.
At one stage today, the building products companys shares were up 4% to $21.00.
The Brickworks share price has … [+2395 chars]",2022-07-22,en
Fast food group KFC to lift prices for a third time in 2022 - The Australian Financial Review,"Collins Foods, with 261 KFCs in Australia, says sales are up strongly in the past two months and a lettuce shortage will end in 7 weeks.","Mr OMalley didnt want to specify when the third price increase would occur. We do expect something more will be required, he said.
He said KFCs hugely successful advertising campaign using the Did s… [+2404 chars]",2022-06-28,en
Can the Lifestyle Communities share price recover in FY23?,"Real estate trends continue to shift in the domestic market.
The post Can the Lifestyle Communities share price recover in FY23? appeared first on The Motley Fool Australia.","The Lifestyle Communities Limited (ASX: LIC) share price is rangebound today. 
At the time of writing, the share is trading 0.5% higher at $14.19 apiece on no news. 
The real estate company is havi… [+1429 chars]",2022-07-14,en
Why is the Cann share price smoking out the ASX by 20% today,"Cann shares are in the green on Thursday.
The post Why is the Cann share price smoking out the ASX by 20% today appeared first on The Motley Fool Australia.","The Cann Group Ltd (ASX: CAN) share price is rocketing on Thursday.
This comes after the cannabis company announced a positive update regarding its Mildura facility.
At the time of writing, Cann sh… [+1404 chars]",2022-06-30,en
Biden's mission in Europe: Shore up alliance against Russia,U.S. President Joe Biden is out to sustain the global alliance punishing Russia for its invasion of Ukraine as he embarks on a five-day trip to Europe as the four-month-old war shows no sign of abating and its aftershocks to global food and energy supplies ar…,U.S. President Joe Biden is out to sustain the global alliance punishing Russia for its invasion of Ukraine as he embarks on a five-day trip to Europe as the four-month-old war shows no sign of abati… [+6790 chars],2022-06-25,en
The rise and fall of the Soul Pattinson share price over the past year,"This ASX share has been through a lot of volatility in recent months.
The post The rise and fall of the Soul Pattinson share price over the past year appeared first on The Motley Fool Australia.","The Washington H. Soul Pattinson and Co. Ltd (ASX: SOL) share price has been hurting over the last 12 months.
While the Soul Pattinson financial calendar is actually for the 12 months to 31 July 202… [+2936 chars]",2022-07-04,en
The coming battle for climate reparations,"By David Callaway, Callaway Climate Insights A new Dartmouth study this week linking polluting countries like the U.S. and China to actual economic damages in poorer countries because of the global warming they’ve caused went off like a bomb in climate circle…","By David Callaway, Callaway Climate Insights
A new Dartmouth study this week linking polluting countries like the U.S. and China to actual economic damages in poorer countries because of the global … [+7756 chars]",2022-07-15,en
Water Wars: 'We’ve Seen This Movie Before': U.S. Suspicious of Beijing’s Motives in Solomon Islands,"U.S. Focus on the Indo-Pacific Drives Resurgence of UNCLOS Ratification Effort
Earlier this year, a group of Democratic congressmen introduced an amendment to the America COMPETES Act, a bill aimed at boosting U.S. manufacturing and technology capabilities in…","U.S. Focus on the Indo-Pacific Drives Resurgence of UNCLOS Ratification Effort
Earlier this year, a group of Democratic congressmen introduced an amendment to theAmerica COMPETES Act, a bill aimed a… [+36063 chars]",2022-06-30,en
Thursday: Hili dialogue,"Welcome to Thursday, June 23, 2022: National Pecan Sandy Day, celebrating a kind of dry cookie that some people like. It’s also International Widows Day, National Day of Remembrance for Victims of Terrorism (in Canada), Saint John’s Eve and the first day of t…","Welcome to Thursday, June 23, 2022: National Pecan Sandy Day, celebrating a kind of dry cookie that some people like.
It’s also International Widows Day, National Day of Remembrance for Victims of T… [+15806 chars]",2022-06-23,en
Why is the Altium share price down 5% today?,"Altium shares are erasing most of their gains achieved this week.
The post Why is the Altium share price down 5% today? appeared first on The Motley Fool Australia.","The Altium Ltd (ASX: ALU) share price is tumbling today despite no announcements from the electronic design software company.
This comes after its shares staged a mini-rebound this week, climbing as… [+1922 chars]",2022-06-29,en
"Down 9% in a week, what’s going on with the Chalice Mining share price?","It's been a rough week – and year – for the Chalice Mining share price.
The post Down 9% in a week, what’s going on with the Chalice Mining share price? appeared first on The Motley Fool Australia.","The Chalice Mining Ltd(ASX: CHN) share price has had a week to forget. But at least its not alone in its tumble. Its been joined by many of its S&amp;P/ASX 200 Index (ASX: XJO) resource peers.
At th… [+1805 chars]",2022-06-24,en
"Exclusive Q&A: Greg Norman's vision for LIV Golf, PGA Tour players creating 'firestorm of controversy,' and more",Greg Norman sold both of his homes in the U.S. and was planning to move back to Australia when he was presented the chance to start a new golf league.,"WEST PALM BEACH About 18 months ago, Greg Norman sold his home on Jupiter Island and ranch in northwest Colorado and was headed back to his native Australia.
That's when he was presented with a busi… [+15346 chars]",2022-07-19,en
Why did the ANZ share price plunge 22% in FY22?,"The ANZ share price suffered a major downturn towards the end of FY22. 
The post Why did the ANZ share price plunge 22% in FY22? appeared first on The Motley Fool Australia.","The Australia and New Zealand Banking Group Ltd(ASX: ANZ) share price underperformed the S&amp;P/ASX 200 Index (ASX: XJO) last financial year.
The ANZ share price closed financial year 2022 (FY22) t… [+2328 chars]",2022-07-09,en
Asian shares gain as investors shrug off downbeat data,"Shares were higher in Asia on Friday, despite data suggesting economies are slowing. The advance tracked gains on Wall Street, where the market is headed for its first weekly gain after three weeks of punishing losses.  Tokyo's Nikkei 225 index added 1.2% to …","Shares were higher in Asia on Friday, despite data suggesting economies are slowing. The advance tracked gains on Wall Street, where the market is headed for its first weekly gain after three weeks o… [+4430 chars]",2022-06-24,en
Can investors bank on the NAB share price in July?,"After a tough June, we consider if things can get better for the big four ASX bank.
The post Can investors bank on the NAB share price in July? appeared first on The Motley Fool Australia.","The National Australia Bank Ltd (ASX: NAB) share price has suffered in June. At the time of writing, the big four ASX bank has dropped 11% in the month. But, it has actually risen by more than 6% sin… [+2861 chars]",2022-06-30,en
